{"cameraMode":{"drawMode":0,"name":"Shaded","section":"Shading Mode"},"sceneLighting":true,"audioPlay":false,"sceneViewState":{"showFog":true,"showMaterialUpdate":false,"showSkybox":true,"showFlares":true,"showImageEffects":true,"showParticleSystems":true},"in2DMode":false,"pivot":{"x":5.940715789794922,"y":10.741192817687989,"z":-0.5759713649749756},"rotation":{"x":-0.11606398969888687,"y":0.03515833616256714,"z":-0.004145036917179823,"w":-0.9926325678825378},"size":18.304157257080079,"orthographic":true}