{"cameraMode":{"drawMode":0,"name":"Shaded","section":"Shading Mode"},"sceneLighting":true,"audioPlay":false,"sceneViewState":{"showFog":true,"showMaterialUpdate":false,"showSkybox":true,"showFlares":true,"showImageEffects":true,"showParticleSystems":true},"in2DMode":false,"pivot":{"x":-0.12850457429885865,"y":-0.5360637903213501,"z":2.5398948192596437},"rotation":{"x":-0.15711387991905213,"y":0.022808052599430085,"z":-0.003629563841968775,"w":-0.9873114824295044},"size":5.443413734436035,"orthographic":false}