{"cameraMode":{"drawMode":0,"name":"Shaded","section":"Shading Mode"},"sceneLighting":false,"audioPlay":false,"sceneViewState":{"showFog":true,"showMaterialUpdate":false,"showSkybox":false,"showFlares":true,"showImageEffects":true,"showParticleSystems":true},"in2DMode":false,"pivot":{"x":-0.06750436127185822,"y":0.22143340110778809,"z":-0.08268830180168152},"rotation":{"x":-0.07283300161361695,"y":0.006889481097459793,"z":-0.000515937281306833,"w":-0.9973371624946594},"size":2.4273273944854738,"orthographic":true}