{"cameraMode":{"drawMode":0,"name":"Shaded","section":"Shading Mode"},"sceneLighting":false,"audioPlay":false,"sceneViewState":{"showFog":true,"showMaterialUpdate":false,"showSkybox":false,"showFlares":true,"showImageEffects":true,"showParticleSystems":true},"in2DMode":false,"pivot":{"x":0.0,"y":2.998546838760376,"z":11.018253326416016},"rotation":{"x":0.08883567154407501,"y":-0.7671772241592407,"z":0.10889443755149842,"w":0.6258566975593567},"size":15.682299613952637,"orthographic":true}