{"cameraMode":{"drawMode":0,"name":"Shaded","section":"Shading Mode"},"sceneLighting":true,"audioPlay":false,"sceneViewState":{"showFog":true,"showMaterialUpdate":false,"showSkybox":true,"showFlares":true,"showImageEffects":true,"showParticleSystems":true},"in2DMode":false,"pivot":{"x":0.20521926879882813,"y":3.770977020263672,"z":149.64671325683595},"rotation":{"x":-0.0712360218167305,"y":0.05324636399745941,"z":-0.00383113999851048,"w":-0.9960508346557617},"size":90.56687927246094,"orthographic":true}