{"cameraMode":{"drawMode":0,"name":"Shaded","section":"Shading Mode"},"sceneLighting":true,"audioPlay":false,"sceneViewState":{"showFog":true,"showMaterialUpdate":false,"showSkybox":true,"showFlares":true,"showImageEffects":true,"showParticleSystems":true},"in2DMode":false,"pivot":{"x":-0.1372489333152771,"y":1.304328203201294,"z":22.202922821044923},"rotation":{"x":0.267596960067749,"y":1.0339574751938586e-9,"z":-1.4959768979139199e-9,"w":0.9635310769081116},"size":1.490645170211792,"orthographic":false}