{"cameraMode":{"drawMode":0,"name":"Shaded","section":"Shading Mode"},"sceneLighting":false,"audioPlay":false,"sceneViewState":{"showFog":true,"showMaterialUpdate":false,"showSkybox":false,"showFlares":true,"showImageEffects":true,"showParticleSystems":true},"in2DMode":false,"pivot":{"x":-0.091796875,"y":1.1171875,"z":6.30010986328125},"rotation":{"x":0.1464422047138214,"y":0.020771866664290429,"z":-0.0030713467858731748,"w":0.9890198707580566},"size":8.832341194152832,"orthographic":true}